Summary,Issue key,Issue id,Issue Type,Status,Project key,Project name,Project type,Project lead,Project lead id,Project description,Priority,Resolution,Assignee,Assignee Id,Reporter,Reporter Id,Creator,Creator Id,Created,Updated,Last Viewed,Resolved,Due date,Votes,Description,Environment,Watchers,Watchers Id,Original estimate,Remaining Estimate,Time Spent,Work Ratio,Σ Original Estimate,Σ Remaining Estimate,Σ Time Spent,Security Level,Custom field (Development),Custom field (Issue color),Custom field (Rank),Custom field (Start date),Custom field (Story point estimate),Custom field (Team),Custom field (Vulnerability),Parent,Parent key,Parent summary,Status Category,Status Category Changed
حسين تجربة المستخدم (UX),SAL-43,10244,Subtask,واجهة المستخدم,SAL,salamsamira,software,Salam Samira,712020:a5d5a4ad-417f-4074-9526-b3d6e5a0b8d1,,Medium,Done,,,Salam Samira,712020:a5d5a4ad-417f-4074-9526-b3d6e5a0b8d1,Salam Samira,712020:a5d5a4ad-417f-4074-9526-b3d6e5a0b8d1,18/Jan/26 10:53 AM,18/Jan/26 10:53 AM,,18/Jan/26 10:53 AM,,0,,,Salam Samira,712020:a5d5a4ad-417f-4074-9526-b3d6e5a0b8d1,,,,,,,,,,,0|i000m7:,,,,,10165,SAL-17,كـ مستخدم، أريد واجهة بسيطة وسهلة الاستخدام.,Done,18/Jan/26 10:53 AM
صفحة عرض الاقتراحات,SAL-42,10242,Subtask,واجهة المستخدم,SAL,salamsamira,software,Salam Samira,712020:a5d5a4ad-417f-4074-9526-b3d6e5a0b8d1,,Medium,Done,,,Salam Samira,712020:a5d5a4ad-417f-4074-9526-b3d6e5a0b8d1,Salam Samira,712020:a5d5a4ad-417f-4074-9526-b3d6e5a0b8d1,18/Jan/26 10:53 AM,18/Jan/26 10:53 AM,,18/Jan/26 10:53 AM,,0,,,Salam Samira,712020:a5d5a4ad-417f-4074-9526-b3d6e5a0b8d1,,,,,,,,,,,0|i000lz:,,,,,10165,SAL-17,كـ مستخدم، أريد واجهة بسيطة وسهلة الاستخدام.,Done,18/Jan/26 10:53 AM
صميم الصفحة الرئيسية,SAL-41,10240,Subtask,واجهة المستخدم,SAL,salamsamira,software,Salam Samira,712020:a5d5a4ad-417f-4074-9526-b3d6e5a0b8d1,,Medium,Done,,,Salam Samira,712020:a5d5a4ad-417f-4074-9526-b3d6e5a0b8d1,Salam Samira,712020:a5d5a4ad-417f-4074-9526-b3d6e5a0b8d1,18/Jan/26 10:53 AM,18/Jan/26 10:53 AM,,18/Jan/26 10:53 AM,,0,,,Salam Samira,712020:a5d5a4ad-417f-4074-9526-b3d6e5a0b8d1,,,,,,,,,,,0|i000lr:,,,,,10165,SAL-17,كـ مستخدم، أريد واجهة بسيطة وسهلة الاستخدام.,Done,18/Jan/26 10:53 AM
تحسين الاقتراحات لاحقًا,SAL-40,10238,Subtask,واجهة المستخدم,SAL,salamsamira,software,Salam Samira,712020:a5d5a4ad-417f-4074-9526-b3d6e5a0b8d1,,Medium,Done,,,Salam Samira,712020:a5d5a4ad-417f-4074-9526-b3d6e5a0b8d1,Salam Samira,712020:a5d5a4ad-417f-4074-9526-b3d6e5a0b8d1,18/Jan/26 10:52 AM,18/Jan/26 10:52 AM,,18/Jan/26 10:52 AM,,0,,,Salam Samira,712020:a5d5a4ad-417f-4074-9526-b3d6e5a0b8d1,,,,,,,,,,,0|i000lj:,,,,,10170,SAL-22,كـ مستخدم، أريد تقييم الاقتراحات.,Done,18/Jan/26 10:52 AM
حفظ التقييم,SAL-39,10236,Subtask,واجهة المستخدم,SAL,salamsamira,software,Salam Samira,712020:a5d5a4ad-417f-4074-9526-b3d6e5a0b8d1,,Medium,Done,,,Salam Samira,712020:a5d5a4ad-417f-4074-9526-b3d6e5a0b8d1,Salam Samira,712020:a5d5a4ad-417f-4074-9526-b3d6e5a0b8d1,18/Jan/26 10:52 AM,18/Jan/26 10:52 AM,,18/Jan/26 10:52 AM,,0,,,Salam Samira,712020:a5d5a4ad-417f-4074-9526-b3d6e5a0b8d1,,,,,,,,,,,0|i000lb:,,,,,10170,SAL-22,كـ مستخدم، أريد تقييم الاقتراحات.,Done,18/Jan/26 10:52 AM
نظام تقييم (نجوم),SAL-38,10234,Subtask,واجهة المستخدم,SAL,salamsamira,software,Salam Samira,712020:a5d5a4ad-417f-4074-9526-b3d6e5a0b8d1,,Medium,Done,,,Salam Samira,712020:a5d5a4ad-417f-4074-9526-b3d6e5a0b8d1,Salam Samira,712020:a5d5a4ad-417f-4074-9526-b3d6e5a0b8d1,18/Jan/26 10:51 AM,18/Jan/26 10:51 AM,,18/Jan/26 10:51 AM,,0,,,Salam Samira,712020:a5d5a4ad-417f-4074-9526-b3d6e5a0b8d1,,,,,,,,,,,0|i000l3:,,,,,10170,SAL-22,كـ مستخدم، أريد تقييم الاقتراحات.,Done,18/Jan/26 10:51 AM
حذف من المحفوظات,SAL-37,10232,Subtask,واجهة المستخدم,SAL,salamsamira,software,Salam Samira,712020:a5d5a4ad-417f-4074-9526-b3d6e5a0b8d1,,Medium,Done,,,Salam Samira,712020:a5d5a4ad-417f-4074-9526-b3d6e5a0b8d1,Salam Samira,712020:a5d5a4ad-417f-4074-9526-b3d6e5a0b8d1,18/Jan/26 10:49 AM,18/Jan/26 10:49 AM,,18/Jan/26 10:49 AM,,0,,,Salam Samira,712020:a5d5a4ad-417f-4074-9526-b3d6e5a0b8d1,,,,,,,,,,,0|i000kv:,,,,,10169,SAL-21,كـ مستخدم، أريد حفظ الهدايا المفضلة.,Done,18/Jan/26 10:49 AM
صفحة الهدايا المحفوظة,SAL-36,10230,Subtask,واجهة المستخدم,SAL,salamsamira,software,Salam Samira,712020:a5d5a4ad-417f-4074-9526-b3d6e5a0b8d1,,Medium,Done,,,Salam Samira,712020:a5d5a4ad-417f-4074-9526-b3d6e5a0b8d1,Salam Samira,712020:a5d5a4ad-417f-4074-9526-b3d6e5a0b8d1,18/Jan/26 10:48 AM,18/Jan/26 10:48 AM,,18/Jan/26 10:48 AM,,0,,,Salam Samira,712020:a5d5a4ad-417f-4074-9526-b3d6e5a0b8d1,,,,,,,,,,,0|i000kn:,,,,,10169,SAL-21,كـ مستخدم، أريد حفظ الهدايا المفضلة.,Done,18/Jan/26 10:49 AM
زر حفظ الهدية,SAL-35,10228,Subtask,واجهة المستخدم,SAL,salamsamira,software,Salam Samira,712020:a5d5a4ad-417f-4074-9526-b3d6e5a0b8d1,,Medium,Done,,,Salam Samira,712020:a5d5a4ad-417f-4074-9526-b3d6e5a0b8d1,Salam Samira,712020:a5d5a4ad-417f-4074-9526-b3d6e5a0b8d1,18/Jan/26 10:48 AM,18/Jan/26 10:48 AM,,18/Jan/26 10:48 AM,,0,,,Salam Samira,712020:a5d5a4ad-417f-4074-9526-b3d6e5a0b8d1,,,,,,,,,,,0|i000kf:,,,,,10169,SAL-21,كـ مستخدم، أريد حفظ الهدايا المفضلة.,Done,18/Jan/26 10:48 AM
إخفاء الاقتراحات غير المناسبة,SAL-34,10194,Subtask,الميزانية والتخصيص,SAL,salamsamira,software,Salam Samira,712020:a5d5a4ad-417f-4074-9526-b3d6e5a0b8d1,,Medium,,,,Salam Samira,712020:a5d5a4ad-417f-4074-9526-b3d6e5a0b8d1,Salam Samira,712020:a5d5a4ad-417f-4074-9526-b3d6e5a0b8d1,18/Jan/26 8:55 AM,18/Jan/26 8:56 AM,,,,0,,,Salam Samira,712020:a5d5a4ad-417f-4074-9526-b3d6e5a0b8d1,,,,,,,,,,,0|i000k7:,,,,,10168,SAL-20,كـ مستخدم، أريد تحديد ميزانيتي قبل رؤية الهدايا.,In Progress,18/Jan/26 8:56 AM
تصنيف الهدايا حسب السعر,SAL-33,10192,Subtask,الميزانية والتخصيص,SAL,salamsamira,software,Salam Samira,712020:a5d5a4ad-417f-4074-9526-b3d6e5a0b8d1,,Medium,,,,Salam Samira,712020:a5d5a4ad-417f-4074-9526-b3d6e5a0b8d1,Salam Samira,712020:a5d5a4ad-417f-4074-9526-b3d6e5a0b8d1,18/Jan/26 8:54 AM,18/Jan/26 8:55 AM,,,,0,,,Salam Samira,712020:a5d5a4ad-417f-4074-9526-b3d6e5a0b8d1,,,,,,,,,,,0|i000jz:,,,,,10168,SAL-20,كـ مستخدم، أريد تحديد ميزانيتي قبل رؤية الهدايا.,In Progress,18/Jan/26 8:55 AM
إضافة فلتر الميزانية,SAL-32,10190,Subtask,الميزانية والتخصيص,SAL,salamsamira,software,Salam Samira,712020:a5d5a4ad-417f-4074-9526-b3d6e5a0b8d1,,Medium,,,,Salam Samira,712020:a5d5a4ad-417f-4074-9526-b3d6e5a0b8d1,Salam Samira,712020:a5d5a4ad-417f-4074-9526-b3d6e5a0b8d1,18/Jan/26 8:54 AM,18/Jan/26 8:55 AM,,,,0,,,Salam Samira,712020:a5d5a4ad-417f-4074-9526-b3d6e5a0b8d1,,,,,,,,,,,0|i000jr:,,,,,10168,SAL-20,كـ مستخدم، أريد تحديد ميزانيتي قبل رؤية الهدايا.,In Progress,18/Jan/26 8:55 AM
ترتيب النتائج حسب الملاءمة,SAL-31,10188,Subtask,ظام اقتراح الهدايا,SAL,salamsamira,software,Salam Samira,712020:a5d5a4ad-417f-4074-9526-b3d6e5a0b8d1,,Medium,,,,Salam Samira,712020:a5d5a4ad-417f-4074-9526-b3d6e5a0b8d1,Salam Samira,712020:a5d5a4ad-417f-4074-9526-b3d6e5a0b8d1,18/Jan/26 8:51 AM,18/Jan/26 8:52 AM,,,,0,,,Salam Samira,712020:a5d5a4ad-417f-4074-9526-b3d6e5a0b8d1,,,,,,,,,,,0|i000jj:,,,,,10166,SAL-18,كـ مستخدم، أريد إدخال معلومات عن الشخص (العمر – العلاقة – الاهتمامات).كـ مستخدم، أريد الحصول على اقتراحات هدايا ذكية.,In Progress,18/Jan/26 8:52 AM
ربط المناسبة بالهدايا,SAL-30,10186,Subtask,ظام اقتراح الهدايا,SAL,salamsamira,software,Salam Samira,712020:a5d5a4ad-417f-4074-9526-b3d6e5a0b8d1,,Medium,,,,Salam Samira,712020:a5d5a4ad-417f-4074-9526-b3d6e5a0b8d1,Salam Samira,712020:a5d5a4ad-417f-4074-9526-b3d6e5a0b8d1,18/Jan/26 8:51 AM,18/Jan/26 8:52 AM,,,,0,,,Salam Samira,712020:a5d5a4ad-417f-4074-9526-b3d6e5a0b8d1,,,,,,,,,,,0|i000jb:,,,,,10166,SAL-18,كـ مستخدم، أريد إدخال معلومات عن الشخص (العمر – العلاقة – الاهتمامات).كـ مستخدم، أريد الحصول على اقتراحات هدايا ذكية.,In Progress,18/Jan/26 8:52 AM
صميم منطق الاقتراح (Rules Engine),SAL-29,10184,Subtask,ظام اقتراح الهدايا,SAL,salamsamira,software,Salam Samira,712020:a5d5a4ad-417f-4074-9526-b3d6e5a0b8d1,,Medium,,,,Salam Samira,712020:a5d5a4ad-417f-4074-9526-b3d6e5a0b8d1,Salam Samira,712020:a5d5a4ad-417f-4074-9526-b3d6e5a0b8d1,18/Jan/26 8:50 AM,18/Jan/26 8:52 AM,,,,0,,,Salam Samira,712020:a5d5a4ad-417f-4074-9526-b3d6e5a0b8d1,,,,,,,,,,,0|i000j3:,,,,,10166,SAL-18,كـ مستخدم، أريد إدخال معلومات عن الشخص (العمر – العلاقة – الاهتمامات).كـ مستخدم، أريد الحصول على اقتراحات هدايا ذكية.,In Progress,18/Jan/26 8:51 AM
التحقق من صحة الإدخال,SAL-28,10182,Subtask,ظام اقتراح الهدايا,SAL,salamsamira,software,Salam Samira,712020:a5d5a4ad-417f-4074-9526-b3d6e5a0b8d1,,Medium,,,,Salam Samira,712020:a5d5a4ad-417f-4074-9526-b3d6e5a0b8d1,Salam Samira,712020:a5d5a4ad-417f-4074-9526-b3d6e5a0b8d1,18/Jan/26 8:49 AM,18/Jan/26 8:50 AM,,,,0,,,Salam Samira,712020:a5d5a4ad-417f-4074-9526-b3d6e5a0b8d1,,,,,,,,,,,0|i000iv:,,,,,10166,SAL-18,كـ مستخدم، أريد إدخال معلومات عن الشخص (العمر – العلاقة – الاهتمامات).كـ مستخدم، أريد الحصول على اقتراحات هدايا ذكية.,In Progress,18/Jan/26 8:50 AM
فظ البيانات مؤقتًا,SAL-27,10180,Subtask,ظام اقتراح الهدايا,SAL,salamsamira,software,Salam Samira,712020:a5d5a4ad-417f-4074-9526-b3d6e5a0b8d1,,Medium,,,,Salam Samira,712020:a5d5a4ad-417f-4074-9526-b3d6e5a0b8d1,Salam Samira,712020:a5d5a4ad-417f-4074-9526-b3d6e5a0b8d1,18/Jan/26 8:49 AM,18/Jan/26 8:49 AM,,,,0,,,Salam Samira,712020:a5d5a4ad-417f-4074-9526-b3d6e5a0b8d1,,,,,,,,,,,0|i000in:,,,,,10166,SAL-18,كـ مستخدم، أريد إدخال معلومات عن الشخص (العمر – العلاقة – الاهتمامات).كـ مستخدم، أريد الحصول على اقتراحات هدايا ذكية.,In Progress,18/Jan/26 8:49 AM
إنشاء نموذج إدخال بيانات,SAL-26,10178,Subtask,ظام اقتراح الهدايا,SAL,salamsamira,software,Salam Samira,712020:a5d5a4ad-417f-4074-9526-b3d6e5a0b8d1,,Medium,,,,Salam Samira,712020:a5d5a4ad-417f-4074-9526-b3d6e5a0b8d1,Salam Samira,712020:a5d5a4ad-417f-4074-9526-b3d6e5a0b8d1,18/Jan/26 8:49 AM,18/Jan/26 8:49 AM,,,,0,,,Salam Samira,712020:a5d5a4ad-417f-4074-9526-b3d6e5a0b8d1,,,,,,,,,,,0|i000if:,,,,,10166,SAL-18,كـ مستخدم، أريد إدخال معلومات عن الشخص (العمر – العلاقة – الاهتمامات).كـ مستخدم، أريد الحصول على اقتراحات هدايا ذكية.,In Progress,18/Jan/26 8:49 AM
ربط المناسبة بنظام الاقتراح,SAL-25,10176,Subtask,ادارة المناسبات,SAL,salamsamira,software,Salam Samira,712020:a5d5a4ad-417f-4074-9526-b3d6e5a0b8d1,,Medium,,,,Salam Samira,712020:a5d5a4ad-417f-4074-9526-b3d6e5a0b8d1,Salam Samira,712020:a5d5a4ad-417f-4074-9526-b3d6e5a0b8d1,18/Jan/26 8:47 AM,18/Jan/26 8:47 AM,,,,0,,,Salam Samira,712020:a5d5a4ad-417f-4074-9526-b3d6e5a0b8d1,,,,,,,,,,,0|i000i7:,,,,,10162,SAL-14,كـ مستخدم، أريد اختيار نوع المناسبة حتى أحصل على اقتراحات مناسبة,In Progress,18/Jan/26 8:47 AM
تصميم واجهة اختيار المناسبة,SAL-24,10174,Subtask,ادارة المناسبات,SAL,salamsamira,software,Salam Samira,712020:a5d5a4ad-417f-4074-9526-b3d6e5a0b8d1,,Medium,,,,Salam Samira,712020:a5d5a4ad-417f-4074-9526-b3d6e5a0b8d1,Salam Samira,712020:a5d5a4ad-417f-4074-9526-b3d6e5a0b8d1,18/Jan/26 8:46 AM,18/Jan/26 8:47 AM,,,,0,,,Salam Samira,712020:a5d5a4ad-417f-4074-9526-b3d6e5a0b8d1,,,,,,,,,,,0|i000hz:,,,,,10162,SAL-14,كـ مستخدم، أريد اختيار نوع المناسبة حتى أحصل على اقتراحات مناسبة,In Progress,18/Jan/26 8:47 AM
إنشاء قائمة بالمناسبات,SAL-23,10172,Subtask,ادارة المناسبات,SAL,salamsamira,software,Salam Samira,712020:a5d5a4ad-417f-4074-9526-b3d6e5a0b8d1,,Medium,,,,Salam Samira,712020:a5d5a4ad-417f-4074-9526-b3d6e5a0b8d1,Salam Samira,712020:a5d5a4ad-417f-4074-9526-b3d6e5a0b8d1,18/Jan/26 8:46 AM,18/Jan/26 8:46 AM,,,,0,,,Salam Samira,712020:a5d5a4ad-417f-4074-9526-b3d6e5a0b8d1,,,,,,,,,,,0|i000hr:,,,,,10162,SAL-14,كـ مستخدم، أريد اختيار نوع المناسبة حتى أحصل على اقتراحات مناسبة,In Progress,18/Jan/26 8:46 AM
كـ مستخدم، أريد تقييم الاقتراحات.,SAL-22,10170,Story,فظ الهدايا وتقييم الاقتراحات,SAL,salamsamira,software,Salam Samira,712020:a5d5a4ad-417f-4074-9526-b3d6e5a0b8d1,,Medium,,,,Salam Samira,712020:a5d5a4ad-417f-4074-9526-b3d6e5a0b8d1,Salam Samira,712020:a5d5a4ad-417f-4074-9526-b3d6e5a0b8d1,18/Jan/26 8:45 AM,18/Jan/26 11:46 AM,18/Jan/26 10:51 AM,,,0,,,Salam Samira,712020:a5d5a4ad-417f-4074-9526-b3d6e5a0b8d1,,,,,,,,,,,0|i000hj:,,,,,,,,In Progress,18/Jan/26 8:45 AM
كـ مستخدم، أريد حفظ الهدايا المفضلة.,SAL-21,10169,Story,فظ الهدايا وتقييم الاقتراحات,SAL,salamsamira,software,Salam Samira,712020:a5d5a4ad-417f-4074-9526-b3d6e5a0b8d1,,Medium,,,,Salam Samira,712020:a5d5a4ad-417f-4074-9526-b3d6e5a0b8d1,Salam Samira,712020:a5d5a4ad-417f-4074-9526-b3d6e5a0b8d1,18/Jan/26 8:45 AM,18/Jan/26 11:46 AM,18/Jan/26 10:46 AM,,,0,,,Salam Samira,712020:a5d5a4ad-417f-4074-9526-b3d6e5a0b8d1,,,,,,,,,,,0|i000hb:,,,,,,,,In Progress,18/Jan/26 8:45 AM
كـ مستخدم، أريد تحديد ميزانيتي قبل رؤية الهدايا.,SAL-20,10168,Story,الميزانية والتخصيص,SAL,salamsamira,software,Salam Samira,712020:a5d5a4ad-417f-4074-9526-b3d6e5a0b8d1,,Medium,,,,Salam Samira,712020:a5d5a4ad-417f-4074-9526-b3d6e5a0b8d1,Salam Samira,712020:a5d5a4ad-417f-4074-9526-b3d6e5a0b8d1,18/Jan/26 8:44 AM,18/Jan/26 11:46 AM,18/Jan/26 8:54 AM,,,0,,,Salam Samira,712020:a5d5a4ad-417f-4074-9526-b3d6e5a0b8d1,,,,,,,,,,,0|i000h3:,,,,,,,,In Progress,18/Jan/26 8:44 AM
كـ مستخدم، أريد إدخال معلومات عن الشخص (العمر – العلاقة – الاهتمامات).كـ مستخدم، أريد الحصول على اقتراحات هدايا ذكية.,SAL-18,10166,Story,ظام اقتراح الهدايا,SAL,salamsamira,software,Salam Samira,712020:a5d5a4ad-417f-4074-9526-b3d6e5a0b8d1,,Medium,,,,Salam Samira,712020:a5d5a4ad-417f-4074-9526-b3d6e5a0b8d1,Salam Samira,712020:a5d5a4ad-417f-4074-9526-b3d6e5a0b8d1,18/Jan/26 8:43 AM,18/Jan/26 11:46 AM,18/Jan/26 8:52 AM,,,0,كـ مستخدم، أريد الحصول على اقتراحات هدايا ذكية.,,Salam Samira,712020:a5d5a4ad-417f-4074-9526-b3d6e5a0b8d1,,,,,,,,,,,0|i000gn:,,,,,,,,In Progress,18/Jan/26 8:43 AM
كـ مستخدم، أريد واجهة بسيطة وسهلة الاستخدام.,SAL-17,10165,Story,واجهة المستخدم,SAL,salamsamira,software,Salam Samira,712020:a5d5a4ad-417f-4074-9526-b3d6e5a0b8d1,,Medium,Done,,,Salam Samira,712020:a5d5a4ad-417f-4074-9526-b3d6e5a0b8d1,Salam Samira,712020:a5d5a4ad-417f-4074-9526-b3d6e5a0b8d1,18/Jan/26 8:42 AM,18/Jan/26 11:46 AM,18/Jan/26 11:18 AM,18/Jan/26 8:42 AM,,0,,,Salam Samira,712020:a5d5a4ad-417f-4074-9526-b3d6e5a0b8d1,,,,,,,,,,,0|i000gf:,,,,,,,,Done,18/Jan/26 8:42 AM
كـ مستخدم، أريد اختيار نوع المناسبة حتى أحصل على اقتراحات مناسبة,SAL-14,10162,Story,ادارة المناسبات,SAL,salamsamira,software,Salam Samira,712020:a5d5a4ad-417f-4074-9526-b3d6e5a0b8d1,,Medium,,,,Salam Samira,712020:a5d5a4ad-417f-4074-9526-b3d6e5a0b8d1,Salam Samira,712020:a5d5a4ad-417f-4074-9526-b3d6e5a0b8d1,18/Jan/26 8:41 AM,18/Jan/26 11:46 AM,18/Jan/26 8:46 AM,,,0,,,Salam Samira,712020:a5d5a4ad-417f-4074-9526-b3d6e5a0b8d1,,,,,,,,,,,0|i000fr:,,,,,,,,In Progress,18/Jan/26 8:41 AM
View Gift Suggestions,SAL-6,10148,Epic,واجهة المستخدم,SAL,salamsamira,software,Salam Samira,712020:a5d5a4ad-417f-4074-9526-b3d6e5a0b8d1,,Medium,,,,Salam Samira,712020:a5d5a4ad-417f-4074-9526-b3d6e5a0b8d1,Salam Samira,712020:a5d5a4ad-417f-4074-9526-b3d6e5a0b8d1,18/Jan/26 8:24 AM,18/Jan/26 11:46 AM,18/Jan/26 8:25 AM,,,0,كـ مستخدم، أريد إدخال معلومات عن الشخص (العمر – العلاقة – الاهتمامات),,Salam Samira,712020:a5d5a4ad-417f-4074-9526-b3d6e5a0b8d1,,,,,,,,,,grey,0|i000fj:,,,,,,,,Done,18/Jan/26 8:24 AM
Select Event Type,SAL-1,10139,Epic,واجهة المستخدم,SAL,salamsamira,software,Salam Samira,712020:a5d5a4ad-417f-4074-9526-b3d6e5a0b8d1,,Medium,,,,Salam Samira,712020:a5d5a4ad-417f-4074-9526-b3d6e5a0b8d1,Salam Samira,712020:a5d5a4ad-417f-4074-9526-b3d6e5a0b8d1,18/Jan/26 8:19 AM,18/Jan/26 11:46 AM,18/Jan/26 8:20 AM,,,0,كـ مستخدم، أريد اختيار نوع المناسبة حتى أحصل على اقتراحات مناسبة,,Salam Samira,712020:a5d5a4ad-417f-4074-9526-b3d6e5a0b8d1,,,,,,,,,,orange,0|i000ef:,,,,,,,,Done,18/Jan/26 8:19 AM
اختبار مشاركة الهدايا (QA),SCRUM-65,10138,Subtask,Event Management,SCRUM,salamTeam,software,Salam Samira,712020:a5d5a4ad-417f-4074-9526-b3d6e5a0b8d1,Your first project,Medium,,,,Salam Samira,712020:a5d5a4ad-417f-4074-9526-b3d6e5a0b8d1,Salam Samira,712020:a5d5a4ad-417f-4074-9526-b3d6e5a0b8d1,18/Jan/26 6:03 AM,18/Jan/26 6:03 AM,,,,0,,,Salam Samira,712020:a5d5a4ad-417f-4074-9526-b3d6e5a0b8d1,,,,,,,,,,,0|i000e7:,,,,,10106,SCRUM-47,Share Gift,To Do,18/Jan/26 6:03 AM
إنشاء API مشاركة الرابط أو الرسالة (Backend),SCRUM-64,10136,Subtask,Event Management,SCRUM,salamTeam,software,Salam Samira,712020:a5d5a4ad-417f-4074-9526-b3d6e5a0b8d1,Your first project,Medium,,,,Salam Samira,712020:a5d5a4ad-417f-4074-9526-b3d6e5a0b8d1,Salam Samira,712020:a5d5a4ad-417f-4074-9526-b3d6e5a0b8d1,18/Jan/26 6:03 AM,18/Jan/26 6:03 AM,,,,0,,,Salam Samira,712020:a5d5a4ad-417f-4074-9526-b3d6e5a0b8d1,,,,,,,,,,,0|i000dz:,,,,,10106,SCRUM-47,Share Gift,To Do,18/Jan/26 6:03 AM
تنفيذ زر المشاركة في Frontend,SCRUM-63,10134,Subtask,Event Management,SCRUM,salamTeam,software,Salam Samira,712020:a5d5a4ad-417f-4074-9526-b3d6e5a0b8d1,Your first project,Medium,,,,Salam Samira,712020:a5d5a4ad-417f-4074-9526-b3d6e5a0b8d1,Salam Samira,712020:a5d5a4ad-417f-4074-9526-b3d6e5a0b8d1,18/Jan/26 6:02 AM,18/Jan/26 6:02 AM,,,,0,,,Salam Samira,712020:a5d5a4ad-417f-4074-9526-b3d6e5a0b8d1,,,,,,,,,,,0|i000dr:,,,,,10106,SCRUM-47,Share Gift,To Do,18/Jan/26 6:02 AM
تصميم واجهة مشاركة الهدايا,SCRUM-62,10132,Subtask,Event Management,SCRUM,salamTeam,software,Salam Samira,712020:a5d5a4ad-417f-4074-9526-b3d6e5a0b8d1,Your first project,Medium,,,,Salam Samira,712020:a5d5a4ad-417f-4074-9526-b3d6e5a0b8d1,Salam Samira,712020:a5d5a4ad-417f-4074-9526-b3d6e5a0b8d1,18/Jan/26 6:02 AM,18/Jan/26 6:02 AM,,,,0,,,Salam Samira,712020:a5d5a4ad-417f-4074-9526-b3d6e5a0b8d1,,,,,,,,,,,0|i000dj:,,,,,10106,SCRUM-47,Share Gift,To Do,18/Jan/26 6:02 AM
اختبار التقييم (QA),SCRUM-61,10130,Subtask,Event Management,SCRUM,salamTeam,software,Salam Samira,712020:a5d5a4ad-417f-4074-9526-b3d6e5a0b8d1,Your first project,Medium,,,,Salam Samira,712020:a5d5a4ad-417f-4074-9526-b3d6e5a0b8d1,Salam Samira,712020:a5d5a4ad-417f-4074-9526-b3d6e5a0b8d1,18/Jan/26 6:01 AM,18/Jan/26 6:01 AM,,,,0,,,Salam Samira,712020:a5d5a4ad-417f-4074-9526-b3d6e5a0b8d1,,,,,,,,,,,0|i000db:,,,,,10107,SCRUM-48, Rate Gift,To Do,18/Jan/26 6:01 AM
حديث خوارزمية الاقتراحات بناءً على التقييم,SCRUM-60,10128,Subtask,Event Management,SCRUM,salamTeam,software,Salam Samira,712020:a5d5a4ad-417f-4074-9526-b3d6e5a0b8d1,Your first project,Medium,,,,Salam Samira,712020:a5d5a4ad-417f-4074-9526-b3d6e5a0b8d1,Salam Samira,712020:a5d5a4ad-417f-4074-9526-b3d6e5a0b8d1,18/Jan/26 6:01 AM,18/Jan/26 6:01 AM,,,,0,,,Salam Samira,712020:a5d5a4ad-417f-4074-9526-b3d6e5a0b8d1,,,,,,,,,,,0|i000d3:,,,,,10107,SCRUM-48, Rate Gift,To Do,18/Jan/26 6:01 AM
حفظ التقييم في قاعدة البيانات (Backend),SCRUM-59,10126,Subtask,Event Management,SCRUM,salamTeam,software,Salam Samira,712020:a5d5a4ad-417f-4074-9526-b3d6e5a0b8d1,Your first project,Medium,,,,Salam Samira,712020:a5d5a4ad-417f-4074-9526-b3d6e5a0b8d1,Salam Samira,712020:a5d5a4ad-417f-4074-9526-b3d6e5a0b8d1,18/Jan/26 6:01 AM,18/Jan/26 6:01 AM,,,,0,,,Salam Samira,712020:a5d5a4ad-417f-4074-9526-b3d6e5a0b8d1,,,,,,,,,,,0|i000cv:,,,,,10107,SCRUM-48, Rate Gift,To Do,18/Jan/26 6:01 AM
تنفيذ التقييم في Frontend,SCRUM-58,10124,Subtask,Event Management,SCRUM,salamTeam,software,Salam Samira,712020:a5d5a4ad-417f-4074-9526-b3d6e5a0b8d1,Your first project,Medium,,,,Salam Samira,712020:a5d5a4ad-417f-4074-9526-b3d6e5a0b8d1,Salam Samira,712020:a5d5a4ad-417f-4074-9526-b3d6e5a0b8d1,18/Jan/26 6:00 AM,18/Jan/26 6:00 AM,,,,0,,,Salam Samira,712020:a5d5a4ad-417f-4074-9526-b3d6e5a0b8d1,,,,,,,,,,,0|i000cn:,,,,,10107,SCRUM-48, Rate Gift,To Do,18/Jan/26 6:00 AM
تصميم نظام التقييم (نجوم أو Like/Dislike,SCRUM-57,10122,Subtask,Event Management,SCRUM,salamTeam,software,Salam Samira,712020:a5d5a4ad-417f-4074-9526-b3d6e5a0b8d1,Your first project,Medium,,,,Salam Samira,712020:a5d5a4ad-417f-4074-9526-b3d6e5a0b8d1,Salam Samira,712020:a5d5a4ad-417f-4074-9526-b3d6e5a0b8d1,18/Jan/26 6:00 AM,18/Jan/26 6:00 AM,,,,0,,,Salam Samira,712020:a5d5a4ad-417f-4074-9526-b3d6e5a0b8d1,,,,,,,,,,,0|i000cf:,,,,,10107,SCRUM-48, Rate Gift,To Do,18/Jan/26 6:00 AM
Manage Gifts,SCRUM-56,10120,Story,Admin/Gifts Management,SCRUM,salamTeam,software,Salam Samira,712020:a5d5a4ad-417f-4074-9526-b3d6e5a0b8d1,Your first project,Medium,Done,,,Salam Samira,712020:a5d5a4ad-417f-4074-9526-b3d6e5a0b8d1,Salam Samira,712020:a5d5a4ad-417f-4074-9526-b3d6e5a0b8d1,18/Jan/26 5:59 AM,18/Jan/26 11:46 AM,18/Jan/26 5:59 AM,18/Jan/26 5:59 AM,,0,,,Salam Samira,712020:a5d5a4ad-417f-4074-9526-b3d6e5a0b8d1,,,,,,,,,,,0|i000c7:,,,,,,,,Done,18/Jan/26 5:59 AM
اختبار CRUD والتصنيفات (QA),SCRUM-55,10119,Subtask,Event Management,SCRUM,salamTeam,software,Salam Samira,712020:a5d5a4ad-417f-4074-9526-b3d6e5a0b8d1,Your first project,Medium,,,,Salam Samira,712020:a5d5a4ad-417f-4074-9526-b3d6e5a0b8d1,Salam Samira,712020:a5d5a4ad-417f-4074-9526-b3d6e5a0b8d1,18/Jan/26 5:58 AM,18/Jan/26 5:58 AM,,,,0,,,Salam Samira,712020:a5d5a4ad-417f-4074-9526-b3d6e5a0b8d1,,,,,,,,,,,0|i000bz:,,,,,10109,SCRUM-50,Manage Gifts,To Do,18/Jan/26 5:58 AM
إضافة نظام تصنيف الهدايا حسب المناسبة,SCRUM-54,10117,Subtask,Event Management,SCRUM,salamTeam,software,Salam Samira,712020:a5d5a4ad-417f-4074-9526-b3d6e5a0b8d1,Your first project,Medium,,,,Salam Samira,712020:a5d5a4ad-417f-4074-9526-b3d6e5a0b8d1,Salam Samira,712020:a5d5a4ad-417f-4074-9526-b3d6e5a0b8d1,18/Jan/26 5:57 AM,18/Jan/26 5:57 AM,,,,0,,,Salam Samira,712020:a5d5a4ad-417f-4074-9526-b3d6e5a0b8d1,,,,,,,,,,,0|i000br:,,,,,10109,SCRUM-50,Manage Gifts,To Do,18/Jan/26 5:57 AM
إنشاء API CRUD للهدايا (Backend),SCRUM-53,10115,Subtask,Event Management,SCRUM,salamTeam,software,Salam Samira,712020:a5d5a4ad-417f-4074-9526-b3d6e5a0b8d1,Your first project,Medium,,,,Salam Samira,712020:a5d5a4ad-417f-4074-9526-b3d6e5a0b8d1,Salam Samira,712020:a5d5a4ad-417f-4074-9526-b3d6e5a0b8d1,18/Jan/26 5:57 AM,18/Jan/26 5:57 AM,,,,0,,,Salam Samira,712020:a5d5a4ad-417f-4074-9526-b3d6e5a0b8d1,,,,,,,,,,,0|i000bj:,,,,,10109,SCRUM-50,Manage Gifts,To Do,18/Jan/26 5:57 AM
تنفيذ واجهة CRUD في Frontend,SCRUM-52,10113,Subtask,Event Management,SCRUM,salamTeam,software,Salam Samira,712020:a5d5a4ad-417f-4074-9526-b3d6e5a0b8d1,Your first project,Medium,,,,Salam Samira,712020:a5d5a4ad-417f-4074-9526-b3d6e5a0b8d1,Salam Samira,712020:a5d5a4ad-417f-4074-9526-b3d6e5a0b8d1,18/Jan/26 5:57 AM,18/Jan/26 5:57 AM,,,,0,,,Salam Samira,712020:a5d5a4ad-417f-4074-9526-b3d6e5a0b8d1,,,,,,,,,,,0|i000bb:,,,,,10109,SCRUM-50,Manage Gifts,To Do,18/Jan/26 5:57 AM
تصميم لوحة إدارة الهدايا,SCRUM-51,10111,Subtask,Event Management,SCRUM,salamTeam,software,Salam Samira,712020:a5d5a4ad-417f-4074-9526-b3d6e5a0b8d1,Your first project,Medium,,,,Salam Samira,712020:a5d5a4ad-417f-4074-9526-b3d6e5a0b8d1,Salam Samira,712020:a5d5a4ad-417f-4074-9526-b3d6e5a0b8d1,18/Jan/26 5:57 AM,18/Jan/26 5:57 AM,,,,0,,,Salam Samira,712020:a5d5a4ad-417f-4074-9526-b3d6e5a0b8d1,,,,,,,,,,,0|i000b3:,,,,,10109,SCRUM-50,Manage Gifts,To Do,18/Jan/26 5:57 AM
Manage Gifts,SCRUM-50,10109,Story,Admin/Gifts Management,SCRUM,salamTeam,software,Salam Samira,712020:a5d5a4ad-417f-4074-9526-b3d6e5a0b8d1,Your first project,Medium,Done,,,Salam Samira,712020:a5d5a4ad-417f-4074-9526-b3d6e5a0b8d1,Salam Samira,712020:a5d5a4ad-417f-4074-9526-b3d6e5a0b8d1,18/Jan/26 5:55 AM,18/Jan/26 11:46 AM,18/Jan/26 5:56 AM,18/Jan/26 5:56 AM,,0,"As an admin, I want to add, edit, and delete gifts so that the system stays up to date.",,Salam Samira,712020:a5d5a4ad-417f-4074-9526-b3d6e5a0b8d1,,,,,,,,,,,0|i000av:,,,,,,,,Done,18/Jan/26 5:56 AM
Manage Gifts (CRUD),SCRUM-49,10108,Story,Admin/Gifts Management,SCRUM,salamTeam,software,Salam Samira,712020:a5d5a4ad-417f-4074-9526-b3d6e5a0b8d1,Your first project,Medium,Done,,,Salam Samira,712020:a5d5a4ad-417f-4074-9526-b3d6e5a0b8d1,Salam Samira,712020:a5d5a4ad-417f-4074-9526-b3d6e5a0b8d1,18/Jan/26 5:54 AM,18/Jan/26 11:46 AM,,18/Jan/26 5:54 AM,,0,"As an admin, I want to add, edit, and delete gifts so that the system stays up to date.",,Salam Samira,712020:a5d5a4ad-417f-4074-9526-b3d6e5a0b8d1,,,,,,,,,,,0|i000an:,,,,,,,,Done,18/Jan/26 5:54 AM
 Rate Gift,SCRUM-48,10107,Story,Interaction&sharing,SCRUM,salamTeam,software,Salam Samira,712020:a5d5a4ad-417f-4074-9526-b3d6e5a0b8d1,Your first project,Medium,,,,Salam Samira,712020:a5d5a4ad-417f-4074-9526-b3d6e5a0b8d1,Salam Samira,712020:a5d5a4ad-417f-4074-9526-b3d6e5a0b8d1,18/Jan/26 5:53 AM,18/Jan/26 11:46 AM,18/Jan/26 6:00 AM,,,0,"As a user, I want to rate gifts so that future suggestions improve.",,Salam Samira,712020:a5d5a4ad-417f-4074-9526-b3d6e5a0b8d1,,,,,,,,,,,0|i000af:,,,,,,,,In Progress,18/Jan/26 5:53 AM
Share Gift,SCRUM-47,10106,Story,Interaction&sharing,SCRUM,salamTeam,software,Salam Samira,712020:a5d5a4ad-417f-4074-9526-b3d6e5a0b8d1,Your first project,Medium,,,,Salam Samira,712020:a5d5a4ad-417f-4074-9526-b3d6e5a0b8d1,Salam Samira,712020:a5d5a4ad-417f-4074-9526-b3d6e5a0b8d1,18/Jan/26 5:52 AM,18/Jan/26 11:46 AM,18/Jan/26 6:01 AM,,,0,"As a user, I want to share gift suggestions with others so that I can get feedback",,Salam Samira,712020:a5d5a4ad-417f-4074-9526-b3d6e5a0b8d1,,,,,,,,,,,0|i000a7:,,,,,,,,In Progress,18/Jan/26 5:52 AM
CRUD,SCRUM-46,10073,Story,Admin/Gifts Management,SCRUM,salamTeam,software,Salam Samira,712020:a5d5a4ad-417f-4074-9526-b3d6e5a0b8d1,Your first project,Medium,Done,,,Salam Samira,712020:a5d5a4ad-417f-4074-9526-b3d6e5a0b8d1,Salam Samira,712020:a5d5a4ad-417f-4074-9526-b3d6e5a0b8d1,18/Jan/26 12:10 AM,18/Jan/26 11:46 AM,,18/Jan/26 12:10 AM,,0,بناء قاعدة البيانات و اضافة ازرار التحكم,,Salam Samira,712020:a5d5a4ad-417f-4074-9526-b3d6e5a0b8d1,,,,,,,,,,,0|i0009z:,,,,,,,,Done,18/Jan/26 12:10 AM
 إدارة الهدايا (CRUD),SCRUM-45,10072,Story,Admin/Gifts Management,SCRUM,salamTeam,software,Salam Samira,712020:a5d5a4ad-417f-4074-9526-b3d6e5a0b8d1,Your first project,Medium,Done,,,Salam Samira,712020:a5d5a4ad-417f-4074-9526-b3d6e5a0b8d1,Salam Samira,712020:a5d5a4ad-417f-4074-9526-b3d6e5a0b8d1,18/Jan/26 12:08 AM,18/Jan/26 11:46 AM,,18/Jan/26 12:08 AM,,0,انشاء قاعدة بيانات و اضافة ازرار التحكم حذف تعديل اضافة,,Salam Samira,712020:a5d5a4ad-417f-4074-9526-b3d6e5a0b8d1,,,,,,,,,,,0|i0009r:,,,,,,,,Done,18/Jan/26 12:08 AM
ختبار CRUD والتصنيفات (QA,SCRUM-44,10071,Subtask,Event Management,SCRUM,salamTeam,software,Salam Samira,712020:a5d5a4ad-417f-4074-9526-b3d6e5a0b8d1,Your first project,Medium,,,,Salam Samira,712020:a5d5a4ad-417f-4074-9526-b3d6e5a0b8d1,Salam Samira,712020:a5d5a4ad-417f-4074-9526-b3d6e5a0b8d1,18/Jan/26 12:04 AM,18/Jan/26 12:04 AM,,,,0,,,Salam Samira,712020:a5d5a4ad-417f-4074-9526-b3d6e5a0b8d1,,,,,,,,,,,0|i0009j:,,,,,10014,SCRUM-15,Rate Gift,To Do,18/Jan/26 12:04 AM
إضافة نظام تصنيف الهدايا حسب المناسبة,SCRUM-43,10069,Subtask,Event Management,SCRUM,salamTeam,software,Salam Samira,712020:a5d5a4ad-417f-4074-9526-b3d6e5a0b8d1,Your first project,Medium,,,,Salam Samira,712020:a5d5a4ad-417f-4074-9526-b3d6e5a0b8d1,Salam Samira,712020:a5d5a4ad-417f-4074-9526-b3d6e5a0b8d1,18/Jan/26 12:04 AM,18/Jan/26 12:04 AM,,,,0,,,Salam Samira,712020:a5d5a4ad-417f-4074-9526-b3d6e5a0b8d1,,,,,,,,,,,0|i0009b:,,,,,10014,SCRUM-15,Rate Gift,To Do,18/Jan/26 12:04 AM
إنشاء API CRUD للهدايا (Backend,SCRUM-42,10067,Subtask,Event Management,SCRUM,salamTeam,software,Salam Samira,712020:a5d5a4ad-417f-4074-9526-b3d6e5a0b8d1,Your first project,Medium,,,,Salam Samira,712020:a5d5a4ad-417f-4074-9526-b3d6e5a0b8d1,Salam Samira,712020:a5d5a4ad-417f-4074-9526-b3d6e5a0b8d1,18/Jan/26 12:04 AM,18/Jan/26 12:04 AM,,,,0,,,Salam Samira,712020:a5d5a4ad-417f-4074-9526-b3d6e5a0b8d1,,,,,,,,,,,0|i00093:,,,,,10014,SCRUM-15,Rate Gift,To Do,18/Jan/26 12:04 AM
تنفيذ واجهة CRUD في Frontend,SCRUM-41,10065,Subtask,Event Management,SCRUM,salamTeam,software,Salam Samira,712020:a5d5a4ad-417f-4074-9526-b3d6e5a0b8d1,Your first project,Medium,,,,Salam Samira,712020:a5d5a4ad-417f-4074-9526-b3d6e5a0b8d1,Salam Samira,712020:a5d5a4ad-417f-4074-9526-b3d6e5a0b8d1,18/Jan/26 12:03 AM,18/Jan/26 12:03 AM,,,,0,,,Salam Samira,712020:a5d5a4ad-417f-4074-9526-b3d6e5a0b8d1,,,,,,,,,,,0|i0008v:,,,,,10014,SCRUM-15,Rate Gift,To Do,18/Jan/26 12:03 AM
صميم لوحة إدارة الهدايا,SCRUM-40,10063,Subtask,Event Management,SCRUM,salamTeam,software,Salam Samira,712020:a5d5a4ad-417f-4074-9526-b3d6e5a0b8d1,Your first project,Medium,,,,Salam Samira,712020:a5d5a4ad-417f-4074-9526-b3d6e5a0b8d1,Salam Samira,712020:a5d5a4ad-417f-4074-9526-b3d6e5a0b8d1,18/Jan/26 12:03 AM,18/Jan/26 12:03 AM,,,,0,,,Salam Samira,712020:a5d5a4ad-417f-4074-9526-b3d6e5a0b8d1,,,,,,,,,,,0|i0008n:,,,,,10014,SCRUM-15,Rate Gift,To Do,18/Jan/26 12:03 AM
اختبار مشاركة الهدايا (QA),SCRUM-39,10061,Subtask,Event Management,SCRUM,salamTeam,software,Salam Samira,712020:a5d5a4ad-417f-4074-9526-b3d6e5a0b8d1,Your first project,Medium,,,,Salam Samira,712020:a5d5a4ad-417f-4074-9526-b3d6e5a0b8d1,Salam Samira,712020:a5d5a4ad-417f-4074-9526-b3d6e5a0b8d1,18/Jan/26 12:02 AM,18/Jan/26 12:02 AM,,,,0,,,Salam Samira,712020:a5d5a4ad-417f-4074-9526-b3d6e5a0b8d1,,,,,,,,,,,0|i0008f:,,,,,10013,SCRUM-14, إدارة الهدايا (CRUD),To Do,18/Jan/26 12:02 AM
إنشاء API مشاركة الرابط أو الرسالة (Backend),SCRUM-38,10059,Subtask,Event Management,SCRUM,salamTeam,software,Salam Samira,712020:a5d5a4ad-417f-4074-9526-b3d6e5a0b8d1,Your first project,Medium,,,,Salam Samira,712020:a5d5a4ad-417f-4074-9526-b3d6e5a0b8d1,Salam Samira,712020:a5d5a4ad-417f-4074-9526-b3d6e5a0b8d1,18/Jan/26 12:01 AM,18/Jan/26 12:01 AM,,,,0,,,Salam Samira,712020:a5d5a4ad-417f-4074-9526-b3d6e5a0b8d1,,,,,,,,,,,0|i00087:,,,,,10013,SCRUM-14, إدارة الهدايا (CRUD),To Do,18/Jan/26 12:01 AM
تنفيذ زر المشاركة في Frontend,SCRUM-37,10057,Subtask,Event Management,SCRUM,salamTeam,software,Salam Samira,712020:a5d5a4ad-417f-4074-9526-b3d6e5a0b8d1,Your first project,Medium,,,,Salam Samira,712020:a5d5a4ad-417f-4074-9526-b3d6e5a0b8d1,Salam Samira,712020:a5d5a4ad-417f-4074-9526-b3d6e5a0b8d1,18/Jan/26 12:01 AM,18/Jan/26 12:01 AM,,,,0,,,Salam Samira,712020:a5d5a4ad-417f-4074-9526-b3d6e5a0b8d1,,,,,,,,,,,0|i0007z:,,,,,10013,SCRUM-14, إدارة الهدايا (CRUD),To Do,18/Jan/26 12:01 AM
تصميم واجهة مشاركة الهدايا,SCRUM-36,10055,Subtask,Event Management,SCRUM,salamTeam,software,Salam Samira,712020:a5d5a4ad-417f-4074-9526-b3d6e5a0b8d1,Your first project,Medium,,,,Salam Samira,712020:a5d5a4ad-417f-4074-9526-b3d6e5a0b8d1,Salam Samira,712020:a5d5a4ad-417f-4074-9526-b3d6e5a0b8d1,18/Jan/26 12:01 AM,18/Jan/26 12:01 AM,,,,0,,,Salam Samira,712020:a5d5a4ad-417f-4074-9526-b3d6e5a0b8d1,,,,,,,,,,,0|i0007r:,,,,,10013,SCRUM-14, إدارة الهدايا (CRUD),To Do,18/Jan/26 12:01 AM
اختبار حفظ وعرض المفضلات (QA),SCRUM-35,10053,Subtask,Event Management,SCRUM,salamTeam,software,Salam Samira,712020:a5d5a4ad-417f-4074-9526-b3d6e5a0b8d1,Your first project,Medium,,,,Salam Samira,712020:a5d5a4ad-417f-4074-9526-b3d6e5a0b8d1,Salam Samira,712020:a5d5a4ad-417f-4074-9526-b3d6e5a0b8d1,18/Jan/26 12:00 AM,18/Jan/26 12:00 AM,,,,0,,,Salam Samira,712020:a5d5a4ad-417f-4074-9526-b3d6e5a0b8d1,,,,,,,,,,,0|i0007j:,,,,,10012,SCRUM-13,Save Gift to Wishlist,To Do,18/Jan/26 12:00 AM
حفظ الهدية في قاعدة البيانات (Backend),SCRUM-34,10051,Subtask,Event Management,SCRUM,salamTeam,software,Salam Samira,712020:a5d5a4ad-417f-4074-9526-b3d6e5a0b8d1,Your first project,Medium,,,,Salam Samira,712020:a5d5a4ad-417f-4074-9526-b3d6e5a0b8d1,Salam Samira,712020:a5d5a4ad-417f-4074-9526-b3d6e5a0b8d1,17/Jan/26 11:59 PM,17/Jan/26 11:59 PM,,,,0,,,Salam Samira,712020:a5d5a4ad-417f-4074-9526-b3d6e5a0b8d1,,,,,,,,,,,0|i0007b:,,,,,10012,SCRUM-13,Save Gift to Wishlist,To Do,17/Jan/26 11:59 PM
تنفيذ حفظ الهدية في Frontend,SCRUM-33,10049,Subtask,Event Management,SCRUM,salamTeam,software,Salam Samira,712020:a5d5a4ad-417f-4074-9526-b3d6e5a0b8d1,Your first project,Medium,,,,Salam Samira,712020:a5d5a4ad-417f-4074-9526-b3d6e5a0b8d1,Salam Samira,712020:a5d5a4ad-417f-4074-9526-b3d6e5a0b8d1,17/Jan/26 11:59 PM,17/Jan/26 11:59 PM,,,,0,,,Salam Samira,712020:a5d5a4ad-417f-4074-9526-b3d6e5a0b8d1,,,,,,,,,,,0|i00073:,,,,,10012,SCRUM-13,Save Gift to Wishlist,To Do,17/Jan/26 11:59 PM
تصميم زر/واجهة حفظ الهدية,SCRUM-32,10047,Subtask,Event Management,SCRUM,salamTeam,software,Salam Samira,712020:a5d5a4ad-417f-4074-9526-b3d6e5a0b8d1,Your first project,Medium,,,,Salam Samira,712020:a5d5a4ad-417f-4074-9526-b3d6e5a0b8d1,Salam Samira,712020:a5d5a4ad-417f-4074-9526-b3d6e5a0b8d1,17/Jan/26 11:59 PM,17/Jan/26 11:59 PM,,,,0,,,Salam Samira,712020:a5d5a4ad-417f-4074-9526-b3d6e5a0b8d1,,,,,,,,,,,0|i0006v:,,,,,10012,SCRUM-13,Save Gift to Wishlist,To Do,17/Jan/26 11:59 PM
اختبار عرض الاقتراحات (QA),SCRUM-31,10045,Subtask,Event Management,SCRUM,salamTeam,software,Salam Samira,712020:a5d5a4ad-417f-4074-9526-b3d6e5a0b8d1,Your first project,Medium,,,,Salam Samira,712020:a5d5a4ad-417f-4074-9526-b3d6e5a0b8d1,Salam Samira,712020:a5d5a4ad-417f-4074-9526-b3d6e5a0b8d1,17/Jan/26 11:58 PM,17/Jan/26 11:58 PM,,,,0,,,Salam Samira,712020:a5d5a4ad-417f-4074-9526-b3d6e5a0b8d1,,,,,,,,,,,0|i0006n:,,,,,10011,SCRUM-12,View Gift Suggestions,To Do,17/Jan/26 11:58 PM
ربط الاقتراحات ببيانات المناسبة والمستلم,SCRUM-30,10043,Subtask,Event Management,SCRUM,salamTeam,software,Salam Samira,712020:a5d5a4ad-417f-4074-9526-b3d6e5a0b8d1,Your first project,Medium,,,,Salam Samira,712020:a5d5a4ad-417f-4074-9526-b3d6e5a0b8d1,Salam Samira,712020:a5d5a4ad-417f-4074-9526-b3d6e5a0b8d1,17/Jan/26 11:57 PM,17/Jan/26 11:57 PM,,,,0,,,Salam Samira,712020:a5d5a4ad-417f-4074-9526-b3d6e5a0b8d1,,,,,,,,,,,0|i0006f:,,,,,10011,SCRUM-12,View Gift Suggestions,To Do,17/Jan/26 11:57 PM
إنشاء API لاقتراح الهدايا (Backend),SCRUM-29,10041,Subtask,Event Management,SCRUM,salamTeam,software,Salam Samira,712020:a5d5a4ad-417f-4074-9526-b3d6e5a0b8d1,Your first project,Medium,,,,Salam Samira,712020:a5d5a4ad-417f-4074-9526-b3d6e5a0b8d1,Salam Samira,712020:a5d5a4ad-417f-4074-9526-b3d6e5a0b8d1,17/Jan/26 11:57 PM,17/Jan/26 11:57 PM,,,,0,,,Salam Samira,712020:a5d5a4ad-417f-4074-9526-b3d6e5a0b8d1,,,,,,,,,,,0|i00067:,,,,,10011,SCRUM-12,View Gift Suggestions,To Do,17/Jan/26 11:57 PM
تنفيذ عرض الاقتراحات في Frontend,SCRUM-28,10039,Subtask,Event Management,SCRUM,salamTeam,software,Salam Samira,712020:a5d5a4ad-417f-4074-9526-b3d6e5a0b8d1,Your first project,Medium,,,,Salam Samira,712020:a5d5a4ad-417f-4074-9526-b3d6e5a0b8d1,Salam Samira,712020:a5d5a4ad-417f-4074-9526-b3d6e5a0b8d1,17/Jan/26 11:57 PM,17/Jan/26 11:57 PM,,,,0,,,Salam Samira,712020:a5d5a4ad-417f-4074-9526-b3d6e5a0b8d1,,,,,,,,,,,0|i0005z:,,,,,10011,SCRUM-12,View Gift Suggestions,To Do,17/Jan/26 11:57 PM
تصميم واجهة عرض الاقتراحات,SCRUM-27,10037,Subtask,Event Management,SCRUM,salamTeam,software,Salam Samira,712020:a5d5a4ad-417f-4074-9526-b3d6e5a0b8d1,Your first project,Medium,,,,Salam Samira,712020:a5d5a4ad-417f-4074-9526-b3d6e5a0b8d1,Salam Samira,712020:a5d5a4ad-417f-4074-9526-b3d6e5a0b8d1,17/Jan/26 11:57 PM,17/Jan/26 11:57 PM,,,,0,,,Salam Samira,712020:a5d5a4ad-417f-4074-9526-b3d6e5a0b8d1,,,,,,,,,,,0|i0005r:,,,,,10011,SCRUM-12,View Gift Suggestions,To Do,17/Jan/26 11:57 PM
اختبار النموذج (QA,SCRUM-26,10035,Subtask,Event Management,SCRUM,salamTeam,software,Salam Samira,712020:a5d5a4ad-417f-4074-9526-b3d6e5a0b8d1,Your first project,Medium,,,,Salam Samira,712020:a5d5a4ad-417f-4074-9526-b3d6e5a0b8d1,Salam Samira,712020:a5d5a4ad-417f-4074-9526-b3d6e5a0b8d1,17/Jan/26 11:49 PM,17/Jan/26 11:49 PM,,,,0,,,Salam Samira,712020:a5d5a4ad-417f-4074-9526-b3d6e5a0b8d1,,,,,,,,,,,0|i0005j:,,,,,10010,SCRUM-11,Enter Recipient Details,To Do,17/Jan/26 11:49 PM
التحقق من صحة البيانات (Validation),SCRUM-25,10033,Subtask,Event Management,SCRUM,salamTeam,software,Salam Samira,712020:a5d5a4ad-417f-4074-9526-b3d6e5a0b8d1,Your first project,Medium,,,,Salam Samira,712020:a5d5a4ad-417f-4074-9526-b3d6e5a0b8d1,Salam Samira,712020:a5d5a4ad-417f-4074-9526-b3d6e5a0b8d1,17/Jan/26 11:49 PM,17/Jan/26 11:49 PM,,,,0,,,Salam Samira,712020:a5d5a4ad-417f-4074-9526-b3d6e5a0b8d1,,,,,,,,,,,0|i0005b:,,,,,10010,SCRUM-11,Enter Recipient Details,To Do,17/Jan/26 11:49 PM
حفظ بيانات المستلم في Backend,SCRUM-24,10031,Subtask,Event Management,SCRUM,salamTeam,software,Salam Samira,712020:a5d5a4ad-417f-4074-9526-b3d6e5a0b8d1,Your first project,Medium,,,,Salam Samira,712020:a5d5a4ad-417f-4074-9526-b3d6e5a0b8d1,Salam Samira,712020:a5d5a4ad-417f-4074-9526-b3d6e5a0b8d1,17/Jan/26 11:49 PM,17/Jan/26 11:49 PM,,,,0,,,Salam Samira,712020:a5d5a4ad-417f-4074-9526-b3d6e5a0b8d1,,,,,,,,,,,0|i00053:,,,,,10010,SCRUM-11,Enter Recipient Details,To Do,17/Jan/26 11:49 PM
تنفيذ النموذج في Frontend,SCRUM-23,10029,Subtask,Event Management,SCRUM,salamTeam,software,Salam Samira,712020:a5d5a4ad-417f-4074-9526-b3d6e5a0b8d1,Your first project,Medium,,,,Salam Samira,712020:a5d5a4ad-417f-4074-9526-b3d6e5a0b8d1,Salam Samira,712020:a5d5a4ad-417f-4074-9526-b3d6e5a0b8d1,17/Jan/26 11:48 PM,17/Jan/26 11:48 PM,,,,0,,,Salam Samira,712020:a5d5a4ad-417f-4074-9526-b3d6e5a0b8d1,,,,,,,,,,,0|i0004v:,,,,,10010,SCRUM-11,Enter Recipient Details,To Do,17/Jan/26 11:48 PM
صميم نموذج إدخال بيانات المستلم,SCRUM-22,10027,Subtask,Event Management,SCRUM,salamTeam,software,Salam Samira,712020:a5d5a4ad-417f-4074-9526-b3d6e5a0b8d1,Your first project,Medium,,,,Salam Samira,712020:a5d5a4ad-417f-4074-9526-b3d6e5a0b8d1,Salam Samira,712020:a5d5a4ad-417f-4074-9526-b3d6e5a0b8d1,17/Jan/26 11:48 PM,17/Jan/26 11:48 PM,,,,0,,,Salam Samira,712020:a5d5a4ad-417f-4074-9526-b3d6e5a0b8d1,,,,,,,,,,,0|i0004n:,,,,,10010,SCRUM-11,Enter Recipient Details,To Do,17/Jan/26 11:48 PM
اختبار الوظيفة (QA),SCRUM-21,10025,Subtask,Event Management,SCRUM,salamTeam,software,Salam Samira,712020:a5d5a4ad-417f-4074-9526-b3d6e5a0b8d1,Your first project,Medium,,,,Salam Samira,712020:a5d5a4ad-417f-4074-9526-b3d6e5a0b8d1,Salam Samira,712020:a5d5a4ad-417f-4074-9526-b3d6e5a0b8d1,17/Jan/26 11:47 PM,17/Jan/26 11:47 PM,,,,0,,,Salam Samira,712020:a5d5a4ad-417f-4074-9526-b3d6e5a0b8d1,,,,,,,,,,,0|i0004f:,,,,,10009,SCRUM-10,Select Event Type,To Do,17/Jan/26 11:47 PM
التحقق من اختيار مناسبة (Validation),SCRUM-20,10023,Subtask,Event Management,SCRUM,salamTeam,software,Salam Samira,712020:a5d5a4ad-417f-4074-9526-b3d6e5a0b8d1,Your first project,Medium,,,,Salam Samira,712020:a5d5a4ad-417f-4074-9526-b3d6e5a0b8d1,Salam Samira,712020:a5d5a4ad-417f-4074-9526-b3d6e5a0b8d1,17/Jan/26 11:47 PM,17/Jan/26 11:47 PM,,,,0,,,Salam Samira,712020:a5d5a4ad-417f-4074-9526-b3d6e5a0b8d1,,,,,,,,,,,0|i00047:,,,,,10009,SCRUM-10,Select Event Type,To Do,17/Jan/26 11:47 PM
إعداد API لجلب قائمة المناسبات (Backend),SCRUM-19,10021,Subtask,Event Management,SCRUM,salamTeam,software,Salam Samira,712020:a5d5a4ad-417f-4074-9526-b3d6e5a0b8d1,Your first project,Medium,,,,Salam Samira,712020:a5d5a4ad-417f-4074-9526-b3d6e5a0b8d1,Salam Samira,712020:a5d5a4ad-417f-4074-9526-b3d6e5a0b8d1,17/Jan/26 11:47 PM,17/Jan/26 11:47 PM,,,,0,,,Salam Samira,712020:a5d5a4ad-417f-4074-9526-b3d6e5a0b8d1,,,,,,,,,,,0|i0003z:,,,,,10009,SCRUM-10,Select Event Type,To Do,17/Jan/26 11:47 PM
تنفيذ الواجهة في Frontend,SCRUM-18,10019,Subtask,Event Management,SCRUM,salamTeam,software,Salam Samira,712020:a5d5a4ad-417f-4074-9526-b3d6e5a0b8d1,Your first project,Medium,,,,Salam Samira,712020:a5d5a4ad-417f-4074-9526-b3d6e5a0b8d1,Salam Samira,712020:a5d5a4ad-417f-4074-9526-b3d6e5a0b8d1,17/Jan/26 11:46 PM,17/Jan/26 11:46 PM,,,,0,,,Salam Samira,712020:a5d5a4ad-417f-4074-9526-b3d6e5a0b8d1,,,,,,,,,,,0|i0003r:,,,,,10009,SCRUM-10,Select Event Type,To Do,17/Jan/26 11:46 PM
تصميم واجهة اختيار المناسبة,SCRUM-17,10017,Subtask,Event Management,SCRUM,salamTeam,software,Salam Samira,712020:a5d5a4ad-417f-4074-9526-b3d6e5a0b8d1,Your first project,Medium,,,,Salam Samira,712020:a5d5a4ad-417f-4074-9526-b3d6e5a0b8d1,Salam Samira,712020:a5d5a4ad-417f-4074-9526-b3d6e5a0b8d1,17/Jan/26 11:45 PM,17/Jan/26 11:45 PM,,,,0,,,Salam Samira,712020:a5d5a4ad-417f-4074-9526-b3d6e5a0b8d1,,,,,,,,,,,0|i0003j:,,,,,10009,SCRUM-10,Select Event Type,To Do,17/Jan/26 11:45 PM
Manage Gifts (CRUD),SCRUM-16,10015,Story,Admin/Gifts Management,SCRUM,salamTeam,software,Salam Samira,712020:a5d5a4ad-417f-4074-9526-b3d6e5a0b8d1,Your first project,Medium,Done,,,Salam Samira,712020:a5d5a4ad-417f-4074-9526-b3d6e5a0b8d1,Salam Samira,712020:a5d5a4ad-417f-4074-9526-b3d6e5a0b8d1,17/Jan/26 11:08 PM,18/Jan/26 11:46 AM,,17/Jan/26 11:08 PM,,0,"As an admin, I want to add, edit, and delete gifts so that the system stays up to date.",,Salam Samira,712020:a5d5a4ad-417f-4074-9526-b3d6e5a0b8d1,,,,,,,,,,,0|i0003b:,,,,,,,,Done,17/Jan/26 11:08 PM
Rate Gift,SCRUM-15,10014,Story,Admin/Gifts Management,SCRUM,salamTeam,software,Salam Samira,712020:a5d5a4ad-417f-4074-9526-b3d6e5a0b8d1,Your first project,Medium,Done,,,Salam Samira,712020:a5d5a4ad-417f-4074-9526-b3d6e5a0b8d1,Salam Samira,712020:a5d5a4ad-417f-4074-9526-b3d6e5a0b8d1,17/Jan/26 11:07 PM,18/Jan/26 11:46 AM,18/Jan/26 12:03 AM,18/Jan/26 12:02 AM,,0,"As a user, I want to rate gifts so that future suggestions improve.",,Salam Samira,712020:a5d5a4ad-417f-4074-9526-b3d6e5a0b8d1,,,,,,,,,,,0|i00033:,,,,,,,,Done,18/Jan/26 12:02 AM
 إدارة الهدايا (CRUD),SCRUM-14,10013,Story,Admin/Gifts Management,SCRUM,salamTeam,software,Salam Samira,712020:a5d5a4ad-417f-4074-9526-b3d6e5a0b8d1,Your first project,Medium,Done,,,Salam Samira,712020:a5d5a4ad-417f-4074-9526-b3d6e5a0b8d1,Salam Samira,712020:a5d5a4ad-417f-4074-9526-b3d6e5a0b8d1,17/Jan/26 11:05 PM,18/Jan/26 11:46 AM,18/Jan/26 12:01 AM,18/Jan/26 12:04 AM,,0,"As a user, I want to share gift suggestions with others so that I can get feedback.",,Salam Samira,712020:a5d5a4ad-417f-4074-9526-b3d6e5a0b8d1,,,,,,,,,,,0|i0002v:,,,,,,,,Done,18/Jan/26 12:04 AM
Save Gift to Wishlist,SCRUM-13,10012,Story,Gift Suggestions,SCRUM,salamTeam,software,Salam Samira,712020:a5d5a4ad-417f-4074-9526-b3d6e5a0b8d1,Your first project,Medium,,,,Salam Samira,712020:a5d5a4ad-417f-4074-9526-b3d6e5a0b8d1,Salam Samira,712020:a5d5a4ad-417f-4074-9526-b3d6e5a0b8d1,17/Jan/26 11:04 PM,18/Jan/26 11:46 AM,17/Jan/26 11:58 PM,,,0,"As a user, I want to save gifts to my wishlist so that I can review them later.",,Salam Samira,712020:a5d5a4ad-417f-4074-9526-b3d6e5a0b8d1,,,,,,,,,,,0|i0002n:,,,,,,,,In Progress,17/Jan/26 11:04 PM
View Gift Suggestions,SCRUM-12,10011,Story,Gift Suggestions,SCRUM,salamTeam,software,Salam Samira,712020:a5d5a4ad-417f-4074-9526-b3d6e5a0b8d1,Your first project,Medium,,,,Salam Samira,712020:a5d5a4ad-417f-4074-9526-b3d6e5a0b8d1,Salam Samira,712020:a5d5a4ad-417f-4074-9526-b3d6e5a0b8d1,17/Jan/26 11:03 PM,18/Jan/26 11:46 AM,17/Jan/26 11:56 PM,,,0,"As a user, I want to see a list of suggested gifts so that I can choose the best one.",,Salam Samira,712020:a5d5a4ad-417f-4074-9526-b3d6e5a0b8d1,,,,,,,,,,,0|i0002f:,,,,,,,,In Progress,17/Jan/26 11:03 PM
Enter Recipient Details,SCRUM-11,10010,Story,Event Management,SCRUM,salamTeam,software,Salam Samira,712020:a5d5a4ad-417f-4074-9526-b3d6e5a0b8d1,Your first project,Medium,,,,Salam Samira,712020:a5d5a4ad-417f-4074-9526-b3d6e5a0b8d1,Salam Samira,712020:a5d5a4ad-417f-4074-9526-b3d6e5a0b8d1,17/Jan/26 11:01 PM,18/Jan/26 11:46 AM,17/Jan/26 11:48 PM,,,0,"As a user, I want to enter recipient details (age, gender, interests) so that gift suggestions are personalized.

Acceptance Criteria:
إدخال العمر
إدخال الجنس
إدخال الاهتمامات
التحقق من المدخلات",,Salam Samira,712020:a5d5a4ad-417f-4074-9526-b3d6e5a0b8d1,,,,,,,,,,,0|i00027:,,,,,,,,To Do,17/Jan/26 11:01 PM
Select Event Type,SCRUM-10,10009,Story,Event Management,SCRUM,salamTeam,software,Salam Samira,712020:a5d5a4ad-417f-4074-9526-b3d6e5a0b8d1,Your first project,Medium,,,,Salam Samira,712020:a5d5a4ad-417f-4074-9526-b3d6e5a0b8d1,Salam Samira,712020:a5d5a4ad-417f-4074-9526-b3d6e5a0b8d1,17/Jan/26 10:59 PM,18/Jan/26 11:46 AM,18/Jan/26 6:38 AM,,,0,"{color:#4c9aff}*As a user, I want to select an event type (birthday, wedding, newborn, graduation, housewarming) so that I receive relevant gift suggestions.*{color}

Acceptance Criteria:
تظهر قائمة مناسبات
يمكن اختيار مناسبة واحدة
لا يمكن المتابعة بدون اختيار
يتم حفظ الاختيار",,Salam Samira,712020:a5d5a4ad-417f-4074-9526-b3d6e5a0b8d1,,,,,,,,,,,0|i0001z:,,,,,,,,To Do,17/Jan/26 10:59 PM
Admin – Gifts Management,SCRUM-9,10008,Epic,Event Management,SCRUM,salamTeam,software,Salam Samira,712020:a5d5a4ad-417f-4074-9526-b3d6e5a0b8d1,Your first project,Medium,,,,Salam Samira,712020:a5d5a4ad-417f-4074-9526-b3d6e5a0b8d1,Salam Samira,712020:a5d5a4ad-417f-4074-9526-b3d6e5a0b8d1,17/Jan/26 10:52 PM,18/Jan/26 11:46 AM,,,,0,,,Salam Samira,712020:a5d5a4ad-417f-4074-9526-b3d6e5a0b8d1,,,,,,,,,,,0|i0001r:,,,,,,,,To Do,17/Jan/26 10:53 PM
Interaction & Sharing,SCRUM-8,10007,Epic,Event Management,SCRUM,salamTeam,software,Salam Samira,712020:a5d5a4ad-417f-4074-9526-b3d6e5a0b8d1,Your first project,Medium,,,,Salam Samira,712020:a5d5a4ad-417f-4074-9526-b3d6e5a0b8d1,Salam Samira,712020:a5d5a4ad-417f-4074-9526-b3d6e5a0b8d1,17/Jan/26 10:52 PM,18/Jan/26 11:46 AM,,,,0,,,Salam Samira,712020:a5d5a4ad-417f-4074-9526-b3d6e5a0b8d1,,,,,,,,,,,0|i0001j:,,,,,,,,To Do,17/Jan/26 10:52 PM
Gift Suggestions,SCRUM-7,10006,Epic,Event Management,SCRUM,salamTeam,software,Salam Samira,712020:a5d5a4ad-417f-4074-9526-b3d6e5a0b8d1,Your first project,Medium,,,,Salam Samira,712020:a5d5a4ad-417f-4074-9526-b3d6e5a0b8d1,Salam Samira,712020:a5d5a4ad-417f-4074-9526-b3d6e5a0b8d1,17/Jan/26 10:52 PM,18/Jan/26 11:46 AM,,,,0,,,Salam Samira,712020:a5d5a4ad-417f-4074-9526-b3d6e5a0b8d1,,,,,,,,,,,0|i0001b:,,,,,,,,To Do,17/Jan/26 10:52 PM
Event Management,SCRUM-6,10005,Epic,Event Management,SCRUM,salamTeam,software,Salam Samira,712020:a5d5a4ad-417f-4074-9526-b3d6e5a0b8d1,Your first project,Medium,,,,Salam Samira,712020:a5d5a4ad-417f-4074-9526-b3d6e5a0b8d1,Salam Samira,712020:a5d5a4ad-417f-4074-9526-b3d6e5a0b8d1,17/Jan/26 10:52 PM,18/Jan/26 11:46 AM,,,,0,,,Salam Samira,712020:a5d5a4ad-417f-4074-9526-b3d6e5a0b8d1,,,,,,,,,,,0|i00013:,,,,,,,,To Do,17/Jan/26 10:52 PM
manage different gift occasions,SCRUM-5,10004,Epic,Event Management,SCRUM,salamTeam,software,Salam Samira,712020:a5d5a4ad-417f-4074-9526-b3d6e5a0b8d1,Your first project,Medium,,,,Salam Samira,712020:a5d5a4ad-417f-4074-9526-b3d6e5a0b8d1,Salam Samira,712020:a5d5a4ad-417f-4074-9526-b3d6e5a0b8d1,17/Jan/26 8:35 PM,18/Jan/26 11:46 AM,18/Jan/26 5:47 AM,,,0,"This epic handles different occasions such as:

* Birthday
* Wedding
* New baby
* New house",,Salam Samira,712020:a5d5a4ad-417f-4074-9526-b3d6e5a0b8d1,,,,,,,,,,yellow,0|i0000v:,,,,,,,,To Do,17/Jan/26 8:35 PM
